{"cameraMode":{"drawMode":0,"name":"Shaded","section":"Shading Mode"},"sceneLighting":false,"audioPlay":false,"sceneViewState":{"m_AlwaysRefresh":false,"showFog":true,"showSkybox":false,"showFlares":true,"showImageEffects":true,"showParticleSystems":true,"showVisualEffectGraphs":true,"m_FxEnabled":true},"in2DMode":false,"pivot":{"x":11.083000183105469,"y":1.0242725610733033,"z":1.8519997596740723},"rotation":{"x":-0.15778906643390656,"y":0.25091007351875307,"z":-0.041218724101781848,"w":-0.9542075991630554},"size":1.9753823280334473,"orthographic":false}