{"cameraMode":{"drawMode":0,"name":"Shaded","section":"Shading Mode"},"sceneLighting":true,"audioPlay":false,"sceneViewState":{"m_AlwaysRefresh":false,"showFog":true,"showSkybox":true,"showFlares":true,"showImageEffects":true,"showParticleSystems":true,"showVisualEffectGraphs":true,"m_FxEnabled":true},"in2DMode":false,"pivot":{"x":8.480740547180176,"y":2.2709851264953615,"z":-6.0938720703125},"rotation":{"x":0.09021352976560593,"y":-0.021630996838212014,"z":0.0005979943089187145,"w":0.9958722591400147},"size":0.854376494884491,"orthographic":false}