{"cameraMode":{"drawMode":0,"name":"Shaded","section":"Shading Mode"},"sceneLighting":true,"audioPlay":false,"sceneViewState":{"m_AlwaysRefresh":false,"showFog":true,"showSkybox":true,"showFlares":true,"showImageEffects":true,"showParticleSystems":true,"showVisualEffectGraphs":true,"m_FxEnabled":true},"in2DMode":false,"pivot":{"x":4.8391265869140629,"y":-21.219362258911134,"z":43.87889862060547},"rotation":{"x":-0.24821561574935914,"y":0.010910920798778534,"z":-0.0021313943434506656,"w":-0.9687843918800354},"size":29.21429443359375,"orthographic":false}